"","team_game_log_id","created_at","updated_at","home_team_outcome","home_team_score","away_team_outcome","away_team_score","team_outcome","team_score","opponent_outcome","opponent_score","is_home_team","is_away_team","extra_point_kicks_attempted","extra_point_kicks_blocked","extra_point_kicks_succeeded","extra_point_passes_attempted","extra_point_passes_succeeded","extra_point_rushes_attempted","extra_point_rushes_succeeded","field_goals_attempted","field_goals_blocked","field_goals_succeeded","field_goals_succeeded_longest_yards","fourth_downs_attempted","fourth_downs_succeeded","fumble_touchdowns","fumbles","fumbles_lost","fumbles_recovered_defense","fumbles_recovered_offense","games_lost","games_played","games_tied","games_won","goal_to_go_attempted","goal_to_go_succeeded","interception_return_longest_yards","interception_return_yards","interception_returns","interception_touchdowns","kickoff_return_longest_yards","kickoff_return_touchdowns","kickoff_return_yards","kickoff_returns","kickoff_touchbacks","kickoffs","kickoffs_in_end_zone","other_touchdowns","passer_rating","passing_first_downs","passing_gross_yards","passing_longest_yards","passing_net_yards","passing_plays_attempted","passing_plays_completed","passing_plays_intercepted","passing_plays_sacked","passing_sacked_yards","passing_touchdowns","penalties","penalty_first_downs","penalty_yards","points","points_overtime","points_quarter_1","points_quarter_2","points_quarter_3","points_quarter_4","points_overtime_1","points_overtime_2","points_overtime_3","points_overtime_4","points_overtime_5","points_overtime_6","points_overtime_7","points_overtime_8","points_overtime_9","points_overtime_10","punt_blocks","punt_return_faircatches","punt_return_longest_yards","punt_return_touchdowns","punt_return_yards","punt_returns","punting_gross_yards","punting_inside_twenty","punting_longest_gross_yards","punting_longest_net_yards","punting_longest_yards","punting_net_yards","punting_net_yards_avg","punting_plays","punting_plays_blocked","receiving_longest_yards","red_zone_scores_attempted","red_zone_scores_succeeded","rushing_first_downs","rushing_gross_yards","rushing_longest_yards","rushing_losses","rushing_lost_yards","rushing_net_yards","rushing_plays","rushing_touchdowns","safeties","third_downs_attempted","third_downs_succeeded","time_of_possession_secs","time_of_possession_secs_overtime","time_of_possession_secs_quarter_1","time_of_possession_secs_quarter_2","time_of_possession_secs_quarter_3","time_of_possession_secs_quarter_4","total_first_downs","total_touchdowns","game_id","opponent_id","team_id"
"1","53d02af7-f9d3-490d-a844-eb2c09b2da03","2017-09-25T20:32:52-04:00","2017-09-26T22:21:40-04:00","loss",17,"win",28,"loss",17,"win",28,TRUE,FALSE,2,0,2,0,0,0,0,2,0,1,0,1,0,0,0,0,0,0,1,1,0,0,1,0,0,0,0,0,0,0,40,2,3,4,3,0,0,15,325,0,283,48,29,0,6,42,2,6,5,50,17,0,7,0,7,3,0,0,0,0,0,0,0,0,0,0,0,0,0,0,4,2,0,0,0,0,0,0,38,6,0,0,4,1,2,49,0,0,0,0,21,0,0,18,8,2175,0,0,0,0,0,22,2,"e78b03dd-aae6-485f-98bb-ebe879724ec8","d61f132b-29f6-4140-847b-efb50ea9ccba","77c57737-b688-4bbf-a127-7b7f0ef8bcdd"
"2","b355d391-1e82-4d94-b907-374fff336121","2017-09-17T13:03:55-04:00","2017-09-17T16:33:55-04:00","loss",13,"win",16,"win",16,"loss",13,FALSE,TRUE,1,0,1,0,0,0,0,4,0,3,0,1,0,0,1,0,0,0,0,1,0,1,2,0,0,15,1,0,0,0,35,2,2,5,5,0,0,14,332,0,306,36,19,1,4,26,1,6,1,41,16,3,0,3,0,10,3,0,0,0,0,0,0,0,0,0,0,0,0,0,6,1,0,0,0,0,0,0,41.8,5,0,0,3,0,2,83,0,0,0,0,25,0,0,15,6,1729,0,0,0,0,0,17,1,"f68068f2-890d-4245-b4df-5f36cf1e4941","557d1013-6b50-4998-885b-d121af071867","77c57737-b688-4bbf-a127-7b7f0ef8bcdd"
"3","c9c0c873-1d8f-4585-976e-b9dc9b4736ea","2017-09-10T13:03:05-04:00","2017-09-10T16:47:59-04:00","win",35,"loss",23,"loss",23,"win",35,FALSE,TRUE,2,0,2,1,0,0,0,2,0,1,0,1,1,0,2,1,0,0,1,1,0,0,3,2,0,82,1,1,0,0,46,2,1,5,4,0,0,15,269,0,264,48,27,3,1,5,1,6,5,55,23,0,10,0,7,6,0,0,0,0,0,0,0,0,0,0,0,0,0,0,0,1,0,0,0,0,0,0,34,4,0,0,4,2,4,45,0,0,0,0,18,1,0,15,6,1600,0,0,0,0,0,24,3,"428b5f53-c0c7-4199-a673-d9fc9c91189d","82fedbfa-8c2c-46cc-b02f-ea16abf5ffc9","77c57737-b688-4bbf-a127-7b7f0ef8bcdd"
"4","69c56a88-207a-4a42-a6fe-5cb666df3b63","2017-09-17T20:33:53-04:00","2017-09-18T00:16:21-04:00","win",34,"loss",23,"win",34,"loss",23,TRUE,FALSE,4,0,4,0,0,0,0,2,0,2,0,0,0,1,0,0,0,0,0,1,0,1,3,3,0,0,1,0,0,0,31,2,7,7,7,0,0,12,252,0,223,28,19,0,3,29,1,6,0,34,34,0,7,17,10,0,0,0,0,0,0,0,0,0,0,0,0,0,0,0,0,1,0,0,0,0,0,0,41.25,4,0,0,3,3,7,141,0,0,0,0,27,2,0,11,5,1717,0,0,0,0,0,19,4,"b3a480a5-acc9-4161-a8c0-e50ecba08106","ade9a19b-3dfb-4436-aefd-e54f1c0d1a20","c1618ca6-3dad-485d-b237-ad34f8d0bf83"
"5","8dfa63ad-5fb8-4d89-9ab1-5132009bc1b9","2017-09-10T13:03:04-04:00","2017-09-10T16:13:03-04:00","loss",17,"win",23,"win",23,"loss",17,FALSE,TRUE,2,0,2,0,0,0,0,3,0,3,0,0,0,0,0,0,0,0,0,1,0,1,2,1,0,0,0,0,0,0,11,1,3,6,4,0,0,12,321,0,308,30,21,0,2,13,1,8,2,73,23,0,3,7,3,10,0,0,0,0,0,0,0,0,0,0,0,0,0,0,24,2,0,0,0,0,0,0,44.333,3,0,0,3,1,4,64,0,0,0,0,23,1,0,11,5,1834,0,0,0,0,0,18,2,"e2a1418c-c5d0-41ad-ba63-360abf60458b","009ff336-845b-411b-8ee5-9b3089e99398","c1618ca6-3dad-485d-b237-ad34f8d0bf83"
"6","9856f402-d6a3-49b0-9958-d1f2f4c3cf00","2017-09-24T13:00:41-04:00","2017-09-24T20:00:41-04:00","loss",26,"win",30,"win",30,"loss",26,FALSE,TRUE,3,0,3,0,0,0,0,3,0,3,0,0,0,0,0,0,0,0,0,1,0,1,2,2,0,0,0,0,0,0,54,2,6,7,7,0,0,15,294,0,277,35,24,3,2,17,2,8,2,68,30,0,7,13,3,7,0,0,0,0,0,0,0,0,0,0,0,0,0,0,38,2,0,0,0,0,0,0,40.5,2,0,0,4,2,9,151,0,0,0,0,28,1,0,9,4,1955,0,0,0,0,0,26,3,"4cfb5be6-0b71-4ea3-b5ff-8fa38896cb4b","82fedbfa-8c2c-46cc-b02f-ea16abf5ffc9","c1618ca6-3dad-485d-b237-ad34f8d0bf83"
"7","3ed9c16d-378c-4fab-9b62-6a8f7abe1ed1","2017-09-10T13:03:07-04:00","2017-09-10T16:23:00-04:00","loss",0,"win",20,"win",20,"loss",0,FALSE,TRUE,2,0,2,0,0,0,0,2,0,2,0,0,0,0,1,0,0,0,0,1,0,1,2,1,0,69,4,0,0,0,0,0,4,5,4,0,0,5,121,0,111,17,9,1,1,10,1,11,4,85,20,0,3,14,3,0,0,0,0,0,0,0,0,0,0,0,0,0,0,0,23,3,0,0,0,0,0,0,39.333,6,0,0,3,1,8,157,0,0,0,0,42,1,0,14,6,2040,0,0,0,0,0,17,2,"0ef099cd-67f6-48e5-b69a-3eb5da3a2b79","6bb48096-ca08-40e3-8dd2-2d93d96e346e","15cdbc22-7b1e-4012-a731-987ca52e3c05"
"8","40230730-753e-4e72-bd71-3b935335b4fd","2017-10-01T13:02:06-04:00","2017-10-01T20:00:10-04:00","undecided",3,"undecided",19,"undecided",3,"undecided",19,TRUE,FALSE,0,0,0,0,0,0,0,2,0,1,0,0,0,0,2,1,0,0,0,1,0,0,0,0,0,0,1,0,0,0,96,4,0,2,1,0,0,1,49,0,35,15,9,0,2,14,0,3,0,18,9,0,0,0,9,0,0,0,0,0,0,0,0,0,0,0,0,0,0,0,0,0,0,0,0,0,0,0,40,4,0,0,1,0,3,28,0,0,0,0,9,0,0,6,1,704,0,0,0,0,0,4,0,"452a029a-bfee-4f2e-9ceb-96e55588f6cd","e5796fc5-4c5e-486d-a76d-5879fd2f5117","15cdbc22-7b1e-4012-a731-987ca52e3c05"
"9","50f065d1-c3e6-403c-a978-cb8e203c2f03","2017-09-17T13:03:56-04:00","2017-09-17T16:38:50-04:00","win",24,"loss",10,"win",24,"loss",10,TRUE,FALSE,3,0,3,0,0,0,0,2,0,1,0,0,0,0,1,1,0,0,0,1,0,1,2,2,0,33,4,0,0,0,0,0,3,5,4,0,0,16,217,0,201,34,25,1,2,16,2,7,1,45,24,0,7,14,0,3,0,0,0,0,0,0,0,0,0,0,0,0,0,0,19,3,0,0,0,0,0,0,43,5,0,0,4,3,7,136,0,0,0,0,32,1,0,11,4,2004,0,0,0,0,0,24,3,"34aba22d-b7cc-4cf9-9465-d93e87ef1654","ecf6a705-7a54-4f36-9dcd-09a0c53e733b","15cdbc22-7b1e-4012-a731-987ca52e3c05"
"10","7fcdcbb3-4200-4414-867b-7a86fe9e6912","2017-09-24T10:08:00-04:00","2017-09-24T13:00:42-04:00","win",44,"loss",7,"loss",7,"win",44,FALSE,TRUE,1,0,1,0,0,0,0,0,0,0,0,1,0,0,1,1,0,0,1,1,0,0,0,0,0,0,0,0,0,0,0,0,1,2,1,0,0,4,64,0,52,27,14,2,2,12,1,10,2,88,7,0,0,0,0,7,0,0,0,0,0,0,0,0,0,0,0,0,0,0,0,0,0,0,0,0,0,0,41.286,7,0,0,1,1,6,134,0,0,0,0,25,0,0,11,3,1557,0,0,0,0,0,12,1,"e72de5b3-3475-42c1-97e2-8bcef43d4ffd","0fc8a1cb-bb61-4eba-b448-1d313813f0d1","15cdbc22-7b1e-4012-a731-987ca52e3c05"
"11","1adbdf88-f857-4416-b285-20518d734ffd","2017-09-10T13:03:05-04:00","2017-09-10T16:22:59-04:00","win",21,"loss",12,"win",21,"loss",12,TRUE,FALSE,3,0,3,0,0,0,0,1,0,0,0,0,0,0,0,0,0,0,0,1,0,1,4,3,0,12,2,0,0,0,23,1,2,4,4,0,0,11,224,0,218,28,16,1,2,6,2,6,2,50,21,0,0,7,7,7,0,0,0,0,0,0,0,0,0,0,0,0,0,0,35,4,0,0,0,0,0,0,35,6,0,0,4,3,10,190,0,0,0,0,42,1,0,17,8,1984,0,0,0,0,0,23,3,"33af46ed-0d99-4b6a-8373-eb7eb5e18305","8112be50-1ec2-47c0-ab27-b4fc4654aa5b","50990622-f5d7-4597-b9b3-c73c9be32af2"
"12","567248ab-99da-4b79-bc03-2f0c5e4c22c7","2017-09-17T13:03:55-04:00","2017-09-17T16:08:51-04:00","win",9,"loss",3,"loss",3,"win",9,FALSE,TRUE,0,0,0,0,0,0,0,1,0,1,0,2,0,0,2,0,0,0,1,1,0,0,0,0,0,0,0,0,0,0,0,0,2,2,2,0,0,8,125,0,107,25,17,0,3,18,0,5,0,44,3,0,0,0,0,3,0,0,0,0,0,0,0,0,0,0,0,0,0,0,2,2,0,0,0,0,0,0,44.5,6,0,0,0,0,2,69,0,0,0,0,23,0,0,13,4,1267,0,0,0,0,0,10,0,"3b2d3355-4310-48ed-b4fd-f8fdabac87f9","767f5024-184b-434b-9e52-90bb4375ca84","50990622-f5d7-4597-b9b3-c73c9be32af2"
"13","d9f32448-4129-461a-afde-10bce6d11621","2017-09-24T13:00:41-04:00","2017-09-24T16:20:43-04:00","win",26,"loss",16,"win",26,"loss",16,TRUE,FALSE,2,0,2,0,0,0,0,4,0,4,0,0,0,0,0,0,0,0,0,1,0,1,3,2,0,15,2,0,0,0,41,2,3,7,5,0,0,11,213,0,197,26,20,0,4,16,2,8,1,69,26,0,0,13,7,6,0,0,0,0,0,0,0,0,0,0,0,0,0,0,20,2,0,0,0,0,0,0,38,5,0,0,3,2,4,75,0,0,0,0,33,0,0,16,6,1826,0,0,0,0,0,16,2,"cf74f344-3ea2-4849-9df4-dfbfba3347f4","6e1ae482-bd5e-40b3-a2d8-24c0a9eec333","50990622-f5d7-4597-b9b3-c73c9be32af2"
"14","9a6e3454-4685-4dc9-a662-7f547aa1dbeb","2017-09-10T16:28:03-04:00","2017-09-10T19:33:05-04:00","loss",3,"win",23,"win",23,"loss",3,FALSE,TRUE,2,0,2,0,0,0,0,3,0,3,0,0,0,0,2,1,0,0,0,1,0,1,2,1,0,23,1,0,0,0,0,0,5,5,5,0,0,8,171,0,171,25,14,1,0,0,2,5,3,40,23,0,7,6,10,0,0,0,0,0,0,0,0,0,0,0,0,0,0,0,7,3,0,0,0,0,0,0,48.667,3,0,0,3,1,9,116,0,0,0,0,38,0,0,13,7,2061,0,0,0,0,0,20,2,"520b0299-5dae-4e9a-ae48-4bae2da277e1","62b050a0-42c8-4cdd-aaaf-1ee5bbb01bf3","767f5024-184b-434b-9e52-90bb4375ca84"
"15","b5a06b71-a9cb-49af-9f58-eb1e87f8576e","2017-09-17T13:03:55-04:00","2017-09-17T16:08:51-04:00","win",9,"loss",3,"win",9,"loss",3,TRUE,FALSE,0,0,0,0,0,0,0,3,0,3,0,0,0,0,0,0,0,0,0,1,0,1,2,0,0,0,0,0,0,0,0,0,4,4,4,0,0,12,228,0,178,32,20,0,6,50,0,6,1,40,9,0,3,3,0,3,0,0,0,0,0,0,0,0,0,0,0,0,0,0,30,5,0,0,0,0,0,0,41.167,6,0,0,3,0,6,77,0,0,0,0,28,0,0,16,7,2333,0,0,0,0,0,19,0,"3b2d3355-4310-48ed-b4fd-f8fdabac87f9","50990622-f5d7-4597-b9b3-c73c9be32af2","767f5024-184b-434b-9e52-90bb4375ca84"
"16","dd93ba63-f456-4daf-b165-de6b44b9d440","2017-09-24T13:00:41-04:00","2017-09-24T16:10:39-04:00","loss",13,"win",34,"loss",13,"win",34,TRUE,FALSE,1,0,1,0,0,0,0,2,0,2,0,0,0,0,2,0,0,0,1,1,0,0,1,1,0,0,0,0,0,0,30,1,4,4,4,0,0,7,184,0,156,33,19,3,4,28,0,1,0,5,13,0,3,3,7,0,0,0,0,0,0,0,0,0,0,0,0,0,0,0,12,2,0,0,0,0,0,0,32.333,3,0,0,2,1,11,132,0,0,0,0,22,1,0,14,7,1731,0,0,0,0,0,18,1,"15b821d2-d84a-489e-bc5a-46715f081c85","a192531d-e60c-4256-8220-f3538dd8b020","767f5024-184b-434b-9e52-90bb4375ca84"
"17","0025a5c0-11a0-4304-99f2-c844ee874e27","2017-09-24T13:00:40-04:00","2017-09-24T16:35:46-04:00","win",23,"loss",17,"win",23,"loss",17,TRUE,FALSE,2,0,2,0,0,0,0,2,0,1,0,0,0,0,5,1,0,0,0,1,0,1,3,2,0,0,0,0,0,0,69,3,2,3,3,0,0,4,101,0,84,22,15,1,2,17,1,10,1,73,23,6,7,10,0,0,6,0,0,0,0,0,0,0,0,0,0,0,0,0,0,1,0,0,0,0,0,0,42,6,0,0,4,3,13,220,0,0,0,0,38,2,0,12,4,2039,0,0,0,0,0,18,3,"339e53ee-3a75-4be4-b51b-dd1d0f555377","e5796fc5-4c5e-486d-a76d-5879fd2f5117","009ff336-845b-411b-8ee5-9b3089e99398"
"18","02b182d0-4f30-4539-b482-d78c0023c5b8","2017-09-28T20:28:27-04:00","2017-10-01T10:07:10-04:00","win",35,"loss",14,"loss",14,"win",35,FALSE,TRUE,2,0,2,0,0,0,0,1,0,0,0,2,2,0,2,2,0,0,1,1,0,0,1,1,0,0,0,0,0,0,52,2,3,3,3,0,0,11,218,0,205,33,21,2,1,13,1,8,2,62,14,0,0,7,0,7,0,0,0,0,0,0,0,0,0,0,0,0,0,0,7,2,0,0,0,0,0,0,47.333,3,0,0,2,2,7,103,0,0,0,0,30,1,0,12,5,1911,0,0,0,0,0,20,2,"307de0cb-44cd-4a61-a094-fe8d6dd8bd27","ade9a19b-3dfb-4436-aefd-e54f1c0d1a20","009ff336-845b-411b-8ee5-9b3089e99398"
"19","5efc6f98-b1eb-4cca-897b-e18e50596cf8","2017-09-10T13:03:04-04:00","2017-09-10T16:13:03-04:00","loss",17,"win",23,"loss",17,"win",23,TRUE,FALSE,2,0,2,0,0,0,0,1,0,1,0,2,1,0,2,0,0,0,1,1,0,0,2,1,0,0,0,0,0,0,70,3,3,4,3,0,0,11,213,0,176,40,26,0,4,37,1,4,3,40,17,0,0,10,0,7,0,0,0,0,0,0,0,0,0,0,0,0,0,0,45,3,0,0,0,0,0,0,40,5,0,0,3,2,6,125,0,0,0,0,19,1,0,13,5,1766,0,0,0,0,0,20,2,"e2a1418c-c5d0-41ad-ba63-360abf60458b","c1618ca6-3dad-485d-b237-ad34f8d0bf83","009ff336-845b-411b-8ee5-9b3089e99398"
"20","a5d73051-f5fb-416e-a417-25b1b5eee85c","2017-09-17T13:03:55-04:00","2017-09-17T16:13:52-04:00","win",29,"loss",7,"loss",7,"win",29,FALSE,TRUE,1,0,1,0,0,0,0,0,0,0,0,2,0,0,2,2,0,0,1,1,0,0,0,0,0,0,0,0,0,0,43,2,2,2,2,0,0,16,301,0,290,45,31,2,1,11,1,8,2,59,7,0,0,0,0,7,0,0,0,0,0,0,0,0,0,0,0,0,0,0,10,2,0,0,0,0,0,0,43.667,3,0,0,3,1,1,20,0,0,0,0,16,0,0,14,7,1609,0,0,0,0,0,19,1,"45756505-28db-4b32-845d-d4ea5e59d680","0d0cfd49-bea6-4ad0-a263-5a350865b99e","009ff336-845b-411b-8ee5-9b3089e99398"
"21","697aac86-efdc-459a-86a3-75736ac0b561","2017-09-10T13:03:06-04:00","2017-09-10T16:22:59-04:00","loss",0,"win",20,"loss",0,"win",20,TRUE,FALSE,0,0,0,0,0,0,0,0,0,0,0,1,0,0,1,1,0,0,1,1,0,0,0,0,0,0,1,0,0,0,11,1,1,1,1,0,0,8,170,0,144,31,16,4,5,26,0,9,3,66,0,0,0,0,0,0,0,0,0,0,0,0,0,0,0,0,0,0,0,0,14,3,0,0,0,0,0,0,37.8,5,0,0,3,0,3,77,0,0,0,0,22,0,0,13,4,1560,0,0,0,0,0,14,0,"0ef099cd-67f6-48e5-b69a-3eb5da3a2b79","15cdbc22-7b1e-4012-a731-987ca52e3c05","6bb48096-ca08-40e3-8dd2-2d93d96e346e"
"22","804facbf-ef0f-489a-b7c8-d8ce32b2a41e","2017-09-14T20:26:27-04:00","2017-09-14T23:56:23-04:00","loss",9,"win",13,"loss",9,"win",13,TRUE,FALSE,0,0,0,0,0,0,0,3,0,3,0,2,1,0,1,1,0,0,1,1,0,0,0,0,0,0,0,0,0,0,76,2,3,4,3,0,0,8,224,0,213,35,20,0,3,11,0,7,0,45,9,0,0,6,3,0,0,0,0,0,0,0,0,0,0,0,0,0,0,0,98,6,0,0,0,0,0,0,45.571,7,0,0,3,0,4,82,0,0,0,0,24,0,0,15,4,1665,0,0,0,0,0,12,0,"a1cd1cca-f8fe-4c3f-93d5-22b3446e19c4","545d6178-62b4-4e6e-a118-60e4f66d257d","6bb48096-ca08-40e3-8dd2-2d93d96e346e"
"23","8bb966cc-d2d8-4e2a-9548-da82902d906f","2017-09-24T16:25:41-04:00","2017-09-24T20:00:42-04:00","win",27,"loss",24,"loss",24,"win",27,FALSE,TRUE,3,0,3,0,0,0,0,2,0,1,0,0,0,0,1,1,0,0,1,1,0,0,1,1,0,75,1,1,0,0,20,1,4,5,4,0,0,13,212,0,191,27,21,0,3,21,2,7,2,68,24,0,7,14,0,3,0,0,0,0,0,0,0,0,0,0,0,0,0,0,31,5,0,0,0,0,0,0,37.667,6,0,0,2,2,6,110,0,0,0,0,30,0,0,12,4,2057,0,0,0,0,0,21,3,"0e192012-9f0d-409f-a15a-fcbda249b8bd","ade9a19b-3dfb-4436-aefd-e54f1c0d1a20","6bb48096-ca08-40e3-8dd2-2d93d96e346e"
"24","30c5d9cc-4ebf-454f-982c-9f859bd9b071","2017-09-17T13:03:56-04:00","2017-09-17T16:38:51-04:00","win",24,"loss",10,"loss",10,"win",24,FALSE,TRUE,1,0,1,0,0,0,0,1,0,1,0,2,1,0,2,1,0,0,1,1,0,0,1,0,0,0,1,0,0,0,18,1,3,3,3,0,0,12,300,0,293,42,20,4,3,7,1,11,2,65,10,0,0,7,3,0,0,0,0,0,0,0,0,0,0,0,0,0,0,0,0,1,0,0,0,0,0,0,47.5,4,0,0,1,0,6,93,0,0,0,0,21,0,0,12,2,1596,0,0,0,0,0,20,1,"34aba22d-b7cc-4cf9-9465-d93e87ef1654","15cdbc22-7b1e-4012-a731-987ca52e3c05","ecf6a705-7a54-4f36-9dcd-09a0c53e733b"
"25","bf22ded4-8c2c-4ea3-93d8-4fa30d7d8ec4","2017-09-24T13:00:43-04:00","2017-09-24T16:30:39-04:00","win",31,"loss",28,"loss",28,"win",31,FALSE,TRUE,4,0,4,0,0,0,0,0,0,0,0,0,0,0,1,0,0,0,1,1,0,0,2,2,0,0,0,0,0,0,0,0,3,5,3,0,0,13,242,0,235,47,22,3,1,7,2,10,5,113,28,0,0,14,0,14,0,0,0,0,0,0,0,0,0,0,0,0,0,0,0,1,0,0,0,0,0,0,47.286,7,0,0,5,4,7,111,0,0,0,0,21,2,0,13,5,1593,0,0,0,0,0,25,4,"6a00d123-e14e-43ca-a476-c16ed3ed8733","557d1013-6b50-4998-885b-d121af071867","ecf6a705-7a54-4f36-9dcd-09a0c53e733b"
"26","f48e6756-0a7e-459b-8b8c-b2e7eeb739a9","2017-09-10T13:03:05-04:00","2017-09-10T16:13:01-04:00","loss",18,"win",21,"loss",18,"win",21,TRUE,FALSE,1,0,1,1,1,0,0,1,0,1,0,2,2,0,1,0,0,0,1,1,0,0,1,1,0,30,1,0,0,0,14,1,3,4,3,0,0,12,222,0,180,30,20,1,7,42,1,4,5,61,18,0,7,0,3,8,0,0,0,0,0,0,0,0,0,0,1,0,0,0,34,3,0,0,0,0,0,0,35,5,0,0,3,2,3,57,0,0,0,0,25,1,0,12,3,1870,0,0,0,0,0,20,2,"83ab0d87-44e1-4815-9643-09987d7361ff","e5796fc5-4c5e-486d-a76d-5879fd2f5117","ecf6a705-7a54-4f36-9dcd-09a0c53e733b"
"27","219e92a8-8ee0-4d9e-b0cd-52a0fef83153","2017-10-01T13:02:04-04:00","2017-10-01T20:00:14-04:00","undecided",24,"undecided",16,"undecided",24,"undecided",16,TRUE,FALSE,3,0,3,0,0,0,0,1,0,1,0,1,1,0,1,1,0,0,0,1,0,0,1,1,0,0,0,0,0,0,52,2,2,5,5,0,0,8,155,0,154,18,12,0,2,1,2,2,1,10,30,0,3,21,0,6,0,0,0,0,0,0,0,0,0,0,0,0,0,0,0,1,0,0,0,0,0,0,37,1,0,0,4,3,6,148,0,0,0,0,19,1,0,8,5,1229,0,0,0,0,0,15,3,"c60ebcfd-cb91-4315-b6d9-fd76d234ad9f","3f53d6c3-46ae-4a68-833e-fc29c8ecbdb2","d61f132b-29f6-4140-847b-efb50ea9ccba"
"28","65375410-4afc-4709-aea6-99239f9dd7ff","2017-09-25T20:32:52-04:00","2017-09-26T22:21:40-04:00","loss",17,"win",28,"win",28,"loss",17,FALSE,TRUE,4,0,4,0,0,0,0,0,0,0,0,0,0,0,0,0,0,0,0,1,0,1,2,2,0,0,0,0,0,0,18,1,3,5,4,0,0,7,183,0,174,18,13,0,1,9,2,9,2,76,28,0,0,7,7,14,0,0,0,0,0,0,0,0,0,0,0,0,0,0,43,4,0,0,0,0,0,0,43.857,7,0,0,3,3,6,99,0,0,0,0,26,2,0,9,2,1425,0,0,0,0,0,15,4,"e78b03dd-aae6-485f-98bb-ebe879724ec8","77c57737-b688-4bbf-a127-7b7f0ef8bcdd","d61f132b-29f6-4140-847b-efb50ea9ccba"
"29","7a2f0ba8-aafd-4d39-bda5-0a3a892b5c3c","2017-09-10T20:33:04-04:00","2017-09-11T04:08:31-04:00","win",19,"loss",3,"win",19,"loss",3,TRUE,FALSE,1,0,1,0,0,0,0,4,0,4,0,0,0,0,0,0,0,0,0,1,0,1,1,0,0,0,1,0,0,0,42,2,4,6,6,0,0,12,268,0,263,39,24,0,1,5,1,5,1,50,19,0,3,13,0,3,0,0,0,0,0,0,0,0,0,0,0,0,0,0,0,1,0,0,0,0,0,0,34.5,4,0,0,4,1,9,129,0,0,0,0,31,0,0,15,8,2054,0,0,0,0,0,22,1,"d315a072-19d3-4e93-aa51-d959c55b659c","47b8904b-4d56-481a-ab06-6e56dfe59f78","d61f132b-29f6-4140-847b-efb50ea9ccba"
"30","dfc7f588-162b-45da-b622-0b465f11152f","2017-09-17T16:28:51-04:00","2017-09-18T06:11:08-04:00","win",42,"loss",17,"loss",17,"win",42,FALSE,TRUE,2,0,2,0,0,0,0,1,0,1,0,5,2,0,0,0,0,0,1,1,0,0,2,1,0,25,1,0,0,0,0,0,3,4,4,0,0,12,238,0,228,50,30,2,2,10,2,8,3,69,17,0,0,10,0,7,0,0,0,0,0,0,0,0,0,0,0,0,0,0,19,1,0,0,0,0,0,0,41.8,5,0,0,3,1,1,40,0,0,0,0,14,0,0,14,3,1570,0,0,0,0,0,16,2,"baa94cdc-f6b0-4f8d-9709-c1644785f37e","6e1ae482-bd5e-40b3-a2d8-24c0a9eec333","d61f132b-29f6-4140-847b-efb50ea9ccba"
"31","3b8d3483-5faf-455b-bf9e-92ee51d890a7","2017-09-24T13:00:42-04:00","2017-09-24T16:20:43-04:00","win",26,"loss",16,"loss",16,"win",26,FALSE,TRUE,1,0,1,0,0,0,0,3,0,3,0,2,0,0,0,0,0,0,1,1,0,0,0,0,0,0,0,0,0,0,81,3,2,5,2,0,0,10,259,0,255,40,24,2,3,4,0,10,4,79,16,0,3,10,3,0,0,0,0,0,0,0,0,0,0,0,0,0,0,0,16,1,0,0,0,0,0,0,28.333,3,0,0,3,1,7,111,0,0,0,0,23,1,0,14,6,1774,0,0,0,0,0,21,1,"cf74f344-3ea2-4849-9df4-dfbfba3347f4","50990622-f5d7-4597-b9b3-c73c9be32af2","6e1ae482-bd5e-40b3-a2d8-24c0a9eec333"
"32","42b03616-f0f9-489b-ac16-cdbd7a55de90","2017-09-11T22:20:08-04:00","2017-09-12T04:30:08-04:00","win",24,"loss",21,"win",24,"loss",21,TRUE,FALSE,3,0,3,0,0,0,0,2,0,1,0,0,0,0,1,1,0,0,0,1,0,1,3,2,0,0,1,0,0,0,36,1,5,5,5,0,0,14,219,0,181,28,17,1,4,38,2,3,1,62,24,0,7,7,10,0,0,0,0,0,0,0,0,0,0,0,0,0,0,0,48,3,0,0,0,0,0,0,49,3,0,0,5,3,7,140,0,0,0,0,36,1,0,15,8,2053,0,0,0,0,0,22,3,"8b6c7292-c47d-4ccd-aa51-b753cc034c62","d1f76207-7303-484f-a25f-b00d1eb46ecd","6e1ae482-bd5e-40b3-a2d8-24c0a9eec333"
"33","48703e51-8309-4f2d-b4ff-10726b92b427","2017-09-17T16:28:51-04:00","2017-09-18T06:11:08-04:00","win",42,"loss",17,"win",42,"loss",17,TRUE,FALSE,6,0,6,0,0,0,0,1,0,0,0,0,0,0,2,1,0,0,0,1,0,1,3,3,0,126,2,1,0,0,25,1,7,7,7,0,0,12,231,0,202,32,22,1,2,29,4,8,3,61,42,0,7,14,14,7,0,0,0,0,0,0,0,0,0,0,0,0,0,0,20,2,0,0,0,0,0,0,36.667,3,0,0,4,4,11,178,0,0,0,0,39,1,0,15,9,2030,0,0,0,0,0,26,6,"baa94cdc-f6b0-4f8d-9709-c1644785f37e","d61f132b-29f6-4140-847b-efb50ea9ccba","6e1ae482-bd5e-40b3-a2d8-24c0a9eec333"
"34","31904191-4d4e-4e4c-a6fa-2eb40b1cd599","2017-09-24T13:00:41-04:00","2017-09-24T20:00:40-04:00","loss",26,"win",30,"loss",26,"win",30,TRUE,FALSE,2,0,2,0,0,0,0,4,0,4,0,0,0,0,0,0,0,0,1,1,0,0,1,0,0,89,3,1,0,0,11,1,5,7,7,0,0,15,264,0,253,45,25,0,2,11,1,9,3,98,26,0,0,13,10,3,0,0,0,0,0,0,0,0,0,0,0,0,0,0,10,1,0,0,0,0,0,0,40.2,5,0,0,3,1,3,71,0,0,0,0,19,0,0,13,3,1645,0,0,0,0,0,21,2,"4cfb5be6-0b71-4ea3-b5ff-8fa38896cb4b","c1618ca6-3dad-485d-b237-ad34f8d0bf83","82fedbfa-8c2c-46cc-b02f-ea16abf5ffc9"
"35","631d27d4-f091-4284-9bd0-3823c0278a35","2017-09-10T13:03:05-04:00","2017-09-10T16:47:59-04:00","win",35,"loss",23,"win",35,"loss",23,TRUE,FALSE,2,0,2,3,0,0,0,1,0,1,0,1,0,0,1,0,0,0,0,1,0,1,3,3,0,83,3,1,0,0,49,3,4,6,6,0,0,15,292,0,285,41,29,1,1,7,4,10,1,100,35,0,0,9,6,20,0,0,0,0,0,0,0,0,0,0,0,0,0,0,48,3,0,0,0,0,0,0,37.8,5,0,0,3,3,3,82,0,0,0,0,27,0,0,16,8,2000,0,0,0,0,0,19,5,"428b5f53-c0c7-4199-a673-d9fc9c91189d","77c57737-b688-4bbf-a127-7b7f0ef8bcdd","82fedbfa-8c2c-46cc-b02f-ea16abf5ffc9"
"36","7043a0fa-98d2-423e-9a20-92cb5ee02ae8","2017-09-18T20:31:05-04:00","2017-09-19T00:16:06-04:00","loss",10,"win",24,"win",24,"loss",10,FALSE,TRUE,3,0,3,0,0,0,0,1,0,1,0,1,0,0,1,1,0,0,0,1,0,1,0,0,0,18,1,0,0,0,15,1,4,5,4,0,0,7,122,0,119,21,15,0,3,3,2,6,0,50,24,0,7,10,0,7,0,0,0,0,0,0,0,0,0,0,0,0,0,1,101,3,0,0,0,0,0,0,40,5,0,0,1,1,5,138,0,0,0,0,32,0,0,15,7,1967,0,0,0,0,0,12,3,"0d793f2d-9549-48d7-8615-16e64c09e3ea","47b8904b-4d56-481a-ab06-6e56dfe59f78","82fedbfa-8c2c-46cc-b02f-ea16abf5ffc9"
"37","94a0a273-bad7-402a-b76d-62d1837516d1","2017-10-01T13:02:07-04:00","2017-10-01T20:00:10-04:00","undecided",7,"undecided",14,"undecided",14,"undecided",7,FALSE,TRUE,0,0,0,1,1,0,0,3,0,2,0,0,0,0,0,0,0,0,0,1,0,0,1,1,0,0,0,0,0,0,0,0,1,3,2,0,0,11,177,0,155,26,15,0,3,22,0,3,0,37,14,0,0,3,11,0,0,0,0,0,0,0,0,0,0,0,0,0,0,0,0,0,0,0,0,0,0,0,38.333,3,0,0,3,1,5,91,0,0,0,0,18,1,0,8,3,1447,0,0,0,0,0,16,1,"53c553f7-a06a-4363-9a4a-2039bb19ea55","273bc0eb-8984-4474-bbc8-5cce491aa662","82fedbfa-8c2c-46cc-b02f-ea16abf5ffc9"
"38","5e71ea6d-9da1-4f4f-b2fa-33396f8eb4c6","2017-09-10T16:28:00-04:00","2017-09-10T20:33:06-04:00","win",17,"loss",9,"win",17,"loss",9,TRUE,FALSE,2,0,2,0,0,0,0,1,0,1,0,0,0,0,1,0,0,0,0,1,0,1,1,1,0,0,0,0,0,0,0,0,1,4,2,0,0,16,311,0,286,42,28,1,4,25,1,8,2,70,17,0,0,0,14,3,0,0,0,0,0,0,0,0,0,0,0,0,0,0,0,2,0,0,0,0,0,0,42.4,5,0,0,1,1,8,84,0,0,0,0,28,1,0,16,9,2353,0,0,0,0,0,26,2,"fd691d17-dd52-48ca-bf5a-723bb4d614bb","e6094723-20f3-417a-87d2-1ccc0b7a6388","ade9a19b-3dfb-4436-aefd-e54f1c0d1a20"
"39","7c5f5d33-96c8-48b0-b1b1-868d4f9df3c2","2017-09-17T20:33:53-04:00","2017-09-18T00:16:21-04:00","win",34,"loss",23,"loss",23,"win",34,FALSE,TRUE,2,0,2,1,0,0,0,1,0,1,0,3,3,0,1,1,0,0,1,1,0,0,3,2,0,0,0,0,0,0,0,0,3,5,4,0,0,18,343,0,308,50,33,1,3,35,2,10,2,70,23,0,7,0,3,13,0,0,0,0,0,0,0,0,0,0,0,0,0,0,0,0,0,0,0,0,0,0,39.667,3,0,0,3,2,4,59,0,0,0,0,15,1,0,12,5,1883,0,0,0,0,0,24,3,"b3a480a5-acc9-4161-a8c0-e50ecba08106","c1618ca6-3dad-485d-b237-ad34f8d0bf83","ade9a19b-3dfb-4436-aefd-e54f1c0d1a20"
"40","c55e7a55-c05c-4aa0-baec-79f6e2f45b9c","2017-09-28T20:28:26-04:00","2017-10-01T10:07:10-04:00","win",35,"loss",14,"win",35,"loss",14,TRUE,FALSE,5,0,5,0,0,0,0,0,0,0,0,1,1,0,0,0,0,0,0,1,0,1,4,4,0,14,2,0,0,0,0,0,4,6,5,0,0,9,179,0,169,27,19,0,2,10,4,7,3,55,35,0,14,7,7,7,0,0,0,0,0,0,0,0,0,0,0,0,0,0,5,1,0,0,0,0,0,0,46.2,5,0,0,5,5,5,91,0,0,0,0,24,1,0,14,7,1689,0,0,0,0,0,17,5,"307de0cb-44cd-4a61-a094-fe8d6dd8bd27","009ff336-845b-411b-8ee5-9b3089e99398","ade9a19b-3dfb-4436-aefd-e54f1c0d1a20"
"41","d0c3b240-cdf2-4078-8b63-4967936910e3","2017-09-24T16:25:41-04:00","2017-09-24T20:00:42-04:00","win",27,"loss",24,"win",27,"loss",24,TRUE,FALSE,3,0,3,0,0,0,0,2,0,2,0,0,0,0,0,0,0,0,0,1,0,1,4,3,0,0,0,0,0,0,0,0,5,6,5,0,0,15,313,0,280,42,28,1,6,33,3,4,3,33,27,3,7,0,7,10,3,0,0,0,0,0,0,0,0,0,0,0,0,0,70,5,0,0,0,0,0,0,44.167,6,0,0,5,3,4,64,0,0,0,0,17,0,0,15,7,1761,0,0,0,0,0,22,3,"0e192012-9f0d-409f-a15a-fcbda249b8bd","6bb48096-ca08-40e3-8dd2-2d93d96e346e","ade9a19b-3dfb-4436-aefd-e54f1c0d1a20"
"42","0c6a917e-be5e-4f05-97db-f6ae986d1f35","2017-09-24T13:00:42-04:00","2017-09-24T20:00:40-04:00","win",36,"loss",33,"loss",33,"win",36,FALSE,TRUE,3,0,3,0,0,0,0,4,0,4,0,0,0,1,2,0,0,0,1,1,0,0,0,0,0,0,0,0,0,0,75,4,6,8,7,0,0,13,301,0,292,33,22,2,2,9,2,10,3,60,33,0,10,10,7,6,0,0,0,0,0,0,0,0,0,0,0,0,0,0,20,3,0,0,0,0,0,0,45.25,4,0,0,3,1,7,125,0,0,0,0,32,0,0,14,6,2018,0,0,0,0,0,23,3,"45ca1e4f-3925-43d5-8cb8-80975cd22917","5546974d-27c2-4d93-a63e-d8320952e871","545d6178-62b4-4e6e-a118-60e4f66d257d"
"43","5c487645-02b5-406e-bda3-e7a7e7784d0b","2017-09-10T13:03:04-04:00","2017-09-10T16:23:00-04:00","loss",7,"win",29,"loss",7,"win",29,TRUE,FALSE,1,0,1,0,0,0,0,0,0,0,0,1,0,0,3,3,0,0,1,1,0,0,2,1,0,0,0,0,0,0,24,1,2,2,2,0,0,11,164,0,110,36,19,1,10,54,1,9,8,94,7,0,0,0,7,0,0,0,0,0,0,0,0,0,0,0,0,0,0,0,21,1,0,0,0,0,0,0,41.8,5,0,0,2,1,4,93,0,0,0,0,23,0,0,12,5,1795,0,0,0,0,0,23,1,"323b1194-a961-4703-9e89-d18945e32bec","0fc8a1cb-bb61-4eba-b448-1d313813f0d1","545d6178-62b4-4e6e-a118-60e4f66d257d"
"44","90b4b2cf-47b4-4610-9d93-4f34dd795af9","2017-09-14T20:26:28-04:00","2017-09-14T23:56:24-04:00","loss",9,"win",13,"win",13,"loss",9,FALSE,TRUE,1,0,1,0,0,0,0,2,0,2,0,0,0,0,0,0,0,0,0,1,0,1,1,0,0,0,0,0,0,0,17,1,2,4,4,0,0,6,125,0,98,24,15,0,3,27,0,9,2,61,13,0,3,7,0,3,0,0,0,0,0,0,0,0,0,0,0,0,0,0,15,3,0,0,0,0,0,0,38,9,0,0,1,0,6,168,0,0,0,0,35,1,0,15,4,1935,0,0,0,0,0,14,1,"a1cd1cca-f8fe-4c3f-93d5-22b3446e19c4","6bb48096-ca08-40e3-8dd2-2d93d96e346e","545d6178-62b4-4e6e-a118-60e4f66d257d"
"45","c13a69eb-54fb-485d-8cea-5b65b0d8c568","2017-09-24T13:00:43-04:00","2017-09-24T16:30:39-04:00","win",31,"loss",28,"win",31,"loss",28,TRUE,FALSE,4,0,4,0,0,0,0,1,0,1,0,0,0,0,1,1,0,0,0,1,0,1,1,1,0,40,3,0,0,0,0,0,6,6,6,0,0,7,259,0,243,24,17,0,3,16,1,11,3,99,31,0,7,21,0,3,0,0,0,0,0,0,0,0,0,0,0,0,0,0,16,3,0,0,0,0,0,0,42.857,7,0,0,4,3,6,92,0,0,0,0,36,3,0,17,8,2007,0,0,0,0,0,16,4,"6a00d123-e14e-43ca-a476-c16ed3ed8733","ecf6a705-7a54-4f36-9dcd-09a0c53e733b","557d1013-6b50-4998-885b-d121af071867"
"46","c330c2e1-cbcb-49ec-a5c6-adde2673d5bc","2017-09-17T13:03:55-04:00","2017-09-17T16:33:54-04:00","loss",13,"win",16,"loss",13,"win",16,TRUE,FALSE,1,0,1,0,0,0,0,2,0,2,0,0,0,0,3,0,0,0,1,1,0,0,2,1,0,32,1,0,0,0,79,3,2,4,2,0,0,11,216,0,190,37,20,1,4,26,0,8,1,70,13,0,10,0,0,3,0,0,0,0,0,0,0,0,0,0,0,0,0,0,23,4,0,0,0,0,0,0,42.429,7,0,0,2,1,6,76,0,0,0,0,29,1,0,18,8,1989,0,0,0,0,0,18,1,"f68068f2-890d-4245-b4df-5f36cf1e4941","77c57737-b688-4bbf-a127-7b7f0ef8bcdd","557d1013-6b50-4998-885b-d121af071867"
"47","cd4a6309-eafa-46bb-a846-0ad8621c3156","2017-09-10T16:08:01-04:00","2017-09-10T20:33:07-04:00","win",46,"loss",9,"loss",9,"win",46,FALSE,TRUE,1,0,0,0,0,0,0,2,0,1,0,1,0,0,3,1,0,0,1,1,0,0,2,1,0,0,0,0,0,0,0,0,2,4,2,0,0,6,179,0,150,21,11,2,4,29,0,4,1,20,9,0,3,0,0,6,0,0,0,0,0,0,0,0,0,0,0,0,0,0,0,3,0,0,0,0,0,0,47.833,6,0,0,2,1,3,75,0,0,0,0,24,1,0,10,0,1535,0,0,0,0,0,10,1,"de6cb309-e46e-48ed-8356-366f589dd373","3f53d6c3-46ae-4a68-833e-fc29c8ecbdb2","557d1013-6b50-4998-885b-d121af071867"
"48","30f46ba2-ff36-44ad-9b2c-2fe76e75a4e7","2017-09-17T13:03:55-04:00","2017-09-17T16:19:30-04:00","loss",16,"win",37,"loss",16,"win",37,TRUE,FALSE,1,0,1,1,0,0,0,1,0,1,0,0,0,0,2,1,0,0,1,1,0,0,1,1,0,2,1,0,0,0,88,4,2,4,2,0,0,13,223,0,211,34,20,2,2,12,1,10,1,99,16,0,3,0,0,13,0,0,0,0,0,0,0,0,0,0,0,0,0,0,4,1,0,0,0,0,0,0,38.2,5,0,0,2,2,6,99,0,0,0,0,25,1,0,13,6,1754,0,0,0,0,0,20,2,"f74e5843-92e3-4f18-bf56-881bbf42f0ce","a8004516-b1d9-44df-b6ba-d5e4b7d9d1d7","0fc8a1cb-bb61-4eba-b448-1d313813f0d1"
"49","3d3045b8-98e8-40fc-9b52-00576b49cb41","2017-09-24T10:07:59-04:00","2017-09-24T13:00:42-04:00","win",44,"loss",7,"win",44,"loss",7,TRUE,FALSE,5,0,5,0,0,0,0,3,0,3,0,2,2,0,0,0,0,0,0,1,0,1,3,3,0,20,2,0,0,0,12,1,8,9,8,0,0,13,244,0,244,33,20,0,0,0,4,9,4,70,44,0,10,13,14,7,0,0,0,0,0,0,0,0,0,0,0,0,0,0,2,2,0,0,0,0,0,0,50,3,0,0,6,4,7,166,0,0,0,0,35,1,0,12,3,2043,0,0,0,0,0,24,5,"e72de5b3-3475-42c1-97e2-8bcef43d4ffd","15cdbc22-7b1e-4012-a731-987ca52e3c05","0fc8a1cb-bb61-4eba-b448-1d313813f0d1"
"50","de00b637-6ad2-4cf0-8b5a-28424c1777ee","2017-09-10T13:03:04-04:00","2017-09-10T16:23:00-04:00","loss",7,"win",29,"win",29,"loss",7,FALSE,TRUE,3,0,2,0,0,0,0,4,0,3,0,1,1,1,0,0,0,0,0,1,0,1,3,2,0,67,1,0,0,0,0,0,6,7,7,0,0,8,125,0,125,21,11,0,0,0,1,10,4,89,29,0,3,16,7,3,0,0,0,0,0,0,0,0,0,0,0,0,0,0,7,1,0,0,0,0,0,0,36.5,4,0,0,4,2,7,155,0,0,0,0,39,1,0,12,3,1805,0,0,0,0,0,19,3,"323b1194-a961-4703-9e89-d18945e32bec","545d6178-62b4-4e6e-a118-60e4f66d257d","0fc8a1cb-bb61-4eba-b448-1d313813f0d1"
"51","3fcebd93-a866-463f-b705-d53105cc374b","2017-09-07T20:32:36-04:00","2017-09-08T04:07:32-04:00","loss",27,"win",42,"win",42,"loss",27,FALSE,TRUE,6,0,6,0,0,0,0,0,0,0,0,0,0,0,2,1,0,0,0,1,0,1,3,3,0,0,0,0,0,0,86,4,4,7,4,0,0,17,368,0,352,35,28,0,3,16,4,15,1,139,42,0,7,7,7,21,0,0,0,0,0,0,0,0,0,0,0,0,0,0,10,4,0,0,0,0,0,0,42.333,6,0,0,3,3,8,185,0,0,0,0,27,2,0,11,4,1814,0,0,0,0,0,26,6,"9dd2c0cb-3164-4796-88ec-d45e39dd2d3c","5546974d-27c2-4d93-a63e-d8320952e871","3a857729-4c8c-4dde-9cad-359cab5990de"
"52","8973ca6b-4a6a-40e8-bbe4-07bbe5356ce8","2017-09-24T16:25:42-04:00","2017-09-24T20:00:39-04:00","loss",10,"win",24,"win",24,"loss",10,FALSE,TRUE,3,0,3,0,0,0,0,1,0,1,0,1,0,0,2,0,0,0,0,1,0,1,1,1,0,38,3,0,0,0,66,2,2,5,5,0,0,7,155,0,122,21,16,0,5,33,2,13,1,122,24,0,14,3,0,7,0,0,0,0,0,0,0,0,0,0,0,0,0,0,10,2,0,0,0,0,0,0,47.4,5,0,0,2,1,8,189,0,0,0,0,25,1,0,12,4,1826,0,0,0,0,0,16,3,"e94e756c-e9bf-4f22-b4bd-edd9cec1c314","d1f76207-7303-484f-a25f-b00d1eb46ecd","3a857729-4c8c-4dde-9cad-359cab5990de"
"53","d27b9e2c-39a7-48ea-a4f3-489f0a67810a","2017-09-17T13:03:58-04:00","2017-09-17T16:33:54-04:00","win",27,"loss",20,"win",27,"loss",20,TRUE,FALSE,3,0,3,0,0,0,0,2,0,2,0,0,0,0,0,0,0,0,0,1,0,1,1,1,0,-3,1,0,0,0,89,3,4,6,5,0,0,10,251,0,232,28,21,0,4,19,1,5,0,40,27,0,3,3,7,14,0,0,0,0,0,0,0,0,0,0,0,0,0,0,8,1,0,0,0,0,0,0,35.4,5,0,0,3,2,6,112,0,0,0,0,19,2,0,12,5,1751,0,0,0,0,0,16,3,"a6cdd718-eed1-4c2f-8d70-2b04c5d47500","9990f062-0d8d-4dbf-82cc-73f3d5dfe532","3a857729-4c8c-4dde-9cad-359cab5990de"
"54","03cd8d77-377e-4f1a-872f-583e8a7504eb","2017-09-17T16:08:52-04:00","2017-09-17T19:18:53-04:00","loss",17,"win",19,"loss",17,"win",19,TRUE,FALSE,2,0,2,0,0,0,0,3,0,1,0,0,0,0,0,0,0,0,1,1,0,0,2,2,0,0,0,0,0,0,66,4,1,4,3,0,0,19,331,0,323,39,31,0,1,8,1,6,2,56,17,0,0,10,7,0,0,0,0,0,0,0,0,0,0,0,0,0,0,0,23,1,0,0,0,0,0,0,37.25,4,0,0,3,2,3,44,0,0,0,0,14,1,0,8,2,1598,0,0,0,0,0,24,2,"253c5fbf-7dfc-4620-a33d-426e39f36711","49b7f5ba-da40-4b42-be4b-c68b4f9257e8","d1f76207-7303-484f-a25f-b00d1eb46ecd"
"55","59870299-f440-452c-90f8-e8bdf21307e3","2017-09-24T16:25:41-04:00","2017-09-24T20:00:39-04:00","loss",10,"win",24,"loss",10,"win",24,TRUE,FALSE,1,0,1,0,0,0,0,1,0,1,0,0,0,0,0,0,0,0,1,1,0,0,1,0,0,0,0,0,0,0,64,3,0,2,2,0,0,13,237,0,226,40,20,3,2,11,0,8,6,61,10,0,7,3,0,0,0,0,0,0,0,0,0,0,0,0,0,0,0,0,12,3,0,0,0,0,0,0,40,5,0,0,3,1,5,104,0,0,0,0,26,1,0,13,5,1774,0,0,0,0,0,24,1,"e94e756c-e9bf-4f22-b4bd-edd9cec1c314","3a857729-4c8c-4dde-9cad-359cab5990de","d1f76207-7303-484f-a25f-b00d1eb46ecd"
"56","cc297a58-e6ea-4816-8aef-3b5e94e6a6b1","2017-09-11T22:20:08-04:00","2017-09-12T04:30:08-04:00","win",24,"loss",21,"loss",21,"win",24,FALSE,TRUE,3,0,3,0,0,0,0,1,1,0,0,2,1,0,0,0,0,0,1,1,0,0,1,1,0,4,1,0,0,0,0,0,3,4,3,0,0,12,192,0,185,33,22,1,1,7,3,4,2,40,21,0,0,7,0,14,0,0,0,0,0,0,0,0,0,0,0,0,0,0,-3,1,0,0,0,0,0,0,36.4,5,0,0,2,2,3,64,0,0,0,0,22,0,0,12,3,1547,0,0,0,0,0,17,3,"8b6c7292-c47d-4ccd-aa51-b753cc034c62","6e1ae482-bd5e-40b3-a2d8-24c0a9eec333","d1f76207-7303-484f-a25f-b00d1eb46ecd"
"57","fedd0e2b-bb30-4271-bd26-08bea5c2488e","2017-10-01T20:00:09-04:00","2017-10-01T20:00:10-04:00","undecided",0,"undecided",0,"undecided",0,"undecided",0,TRUE,FALSE,0,0,0,0,0,0,0,0,0,0,0,0,0,0,0,0,0,0,0,0,0,0,0,0,0,0,0,0,0,0,0,0,0,0,0,0,0,0,0,0,0,0,0,0,0,0,0,0,0,0,24,0,0,10,0,14,0,0,0,0,0,0,0,0,0,0,0,0,0,0,0,0,0,0,0,0,0,0,0,0,0,0,0,0,0,0,0,0,0,0,0,0,0,0,0,0,0,0,0,0,0,0,0,"ddeeeab7-3696-4639-b03f-05468044d37c","9990f062-0d8d-4dbf-82cc-73f3d5dfe532","d1f76207-7303-484f-a25f-b00d1eb46ecd"
"58","4854b5dc-d967-4937-abf1-d63b52a8e811","2017-10-01T13:02:04-04:00","2017-10-01T20:00:14-04:00","undecided",24,"undecided",16,"undecided",16,"undecided",24,FALSE,TRUE,1,0,1,0,0,0,0,3,0,3,0,0,0,0,1,0,0,0,0,1,0,0,1,1,0,0,0,0,0,0,113,3,2,4,4,0,0,7,94,0,83,21,13,0,1,11,1,2,0,8,35,0,3,13,10,9,0,0,0,0,0,0,0,0,0,0,0,0,0,0,7,1,0,0,0,0,0,0,54,2,0,0,2,1,6,98,0,0,0,0,15,0,0,7,3,964,0,0,0,0,0,13,1,"c60ebcfd-cb91-4315-b6d9-fd76d234ad9f","d61f132b-29f6-4140-847b-efb50ea9ccba","3f53d6c3-46ae-4a68-833e-fc29c8ecbdb2"
"59","6b8fbaa8-d67d-445d-bbda-737eafad62e2","2017-09-21T20:28:32-04:00","2017-09-22T02:46:29-04:00","loss",39,"win",41,"win",41,"loss",39,FALSE,TRUE,5,0,5,0,0,0,0,2,0,2,0,0,0,0,3,2,0,0,0,1,0,1,4,3,0,25,1,0,0,0,83,3,4,8,4,0,0,14,292,0,292,28,22,0,0,0,3,7,5,52,41,0,14,10,10,7,0,0,0,0,0,0,0,0,0,0,0,0,0,0,0,1,0,0,0,0,0,0,52,2,0,0,7,5,7,126,0,0,0,0,32,2,0,12,8,1783,0,0,0,0,0,26,5,"0304c218-d46a-405e-971a-a23718b09ceb","62b050a0-42c8-4cdd-aaaf-1ee5bbb01bf3","3f53d6c3-46ae-4a68-833e-fc29c8ecbdb2"
"60","82e657b6-e690-4697-a9c5-92ed210879fd","2017-09-17T16:28:51-04:00","2017-09-17T20:33:51-04:00","loss",20,"win",27,"loss",20,"win",27,TRUE,FALSE,2,0,2,0,0,0,0,2,0,2,0,1,1,0,3,1,0,0,1,1,0,0,1,1,0,0,0,0,0,0,59,3,4,5,5,0,0,9,252,0,240,26,16,1,2,12,1,7,1,75,20,0,0,10,7,3,0,0,0,0,0,0,0,0,0,0,0,0,0,0,24,4,0,0,0,0,0,0,42.25,4,0,0,4,2,4,92,0,0,0,0,21,1,0,12,5,1421,0,0,0,0,0,14,2,"b3f173e2-3d16-442e-9848-960082cb9b25","1c4f553a-bde3-4229-8565-9c40401a9956","3f53d6c3-46ae-4a68-833e-fc29c8ecbdb2"
"61","c65c9929-b787-475c-9ada-fbd64166dbad","2017-09-10T16:08:00-04:00","2017-09-10T20:33:05-04:00","win",46,"loss",9,"win",46,"loss",9,TRUE,FALSE,5,0,5,0,0,0,0,3,0,3,0,0,0,0,2,1,0,0,0,1,0,1,1,1,0,68,2,2,0,0,48,2,9,9,9,0,0,13,318,0,310,30,22,0,1,8,1,7,1,50,46,0,10,17,10,9,0,0,0,0,0,0,0,0,0,0,0,0,0,0,15,3,0,0,0,0,0,0,43.6,5,0,0,4,3,5,63,0,0,0,0,33,2,1,14,5,2065,0,0,0,0,0,19,5,"de6cb309-e46e-48ed-8356-366f589dd373","557d1013-6b50-4998-885b-d121af071867","3f53d6c3-46ae-4a68-833e-fc29c8ecbdb2"
"62","23e296be-51b3-4761-a049-c168e3031695","2017-10-01T10:07:07-04:00","2017-10-01T13:02:06-04:00","loss",0,"win",20,"loss",0,"win",20,TRUE,FALSE,0,0,0,0,0,0,0,0,0,0,0,1,0,0,2,0,0,0,1,1,0,0,1,0,0,0,0,0,0,0,45,2,0,1,1,0,0,7,164,0,128,28,20,1,4,36,0,11,1,90,0,0,0,0,0,0,0,0,0,0,0,0,0,0,0,0,0,0,0,0,9,2,0,0,0,0,0,0,39.5,6,0,0,1,0,3,58,0,0,0,0,15,0,0,8,1,1532,0,0,0,0,0,11,0,"e1900cd6-a087-4544-b2e6-4eb825ec7901","a192531d-e60c-4256-8220-f3538dd8b020","49b7f5ba-da40-4b42-be4b-c68b4f9257e8"
"63","2f819bcf-3a05-4292-b087-7cc99bf000bd","2017-09-24T13:00:41-04:00","2017-09-24T16:25:45-04:00","win",20,"loss",6,"loss",6,"win",20,FALSE,TRUE,1,0,0,0,0,0,0,0,0,0,0,3,0,0,1,0,0,0,1,1,0,0,1,1,0,0,0,0,0,0,15,1,1,1,1,0,0,12,220,0,195,45,26,2,3,25,1,8,4,51,6,0,0,0,0,6,0,0,0,0,0,0,0,0,0,0,0,0,0,0,13,2,0,0,0,0,0,0,40.286,7,0,0,1,1,0,30,0,0,0,0,15,0,0,12,1,1432,0,0,0,0,0,16,1,"2f68b19d-7f63-40d8-a695-420b70e683ad","8112be50-1ec2-47c0-ab27-b4fc4654aa5b","49b7f5ba-da40-4b42-be4b-c68b4f9257e8"
"64","5fa10c58-6011-4126-90fa-c135e2147d44","2017-09-17T16:08:53-04:00","2017-09-17T19:18:54-04:00","loss",17,"win",19,"win",19,"loss",17,FALSE,TRUE,1,0,1,0,0,0,0,4,0,4,0,1,0,0,0,0,0,0,0,1,0,1,2,0,0,0,0,0,0,0,71,3,2,6,3,0,0,13,230,0,225,34,24,0,2,5,1,5,2,23,19,0,3,0,10,6,0,0,0,0,0,0,0,0,0,0,0,0,0,0,21,3,0,0,0,0,0,0,29,3,0,0,3,0,6,111,0,0,0,0,32,0,0,13,5,2002,0,0,0,0,0,21,1,"253c5fbf-7dfc-4620-a33d-426e39f36711","d1f76207-7303-484f-a25f-b00d1eb46ecd","49b7f5ba-da40-4b42-be4b-c68b4f9257e8"
"65","516e5e47-4a1d-4822-b436-e23424d80d6d","2017-09-11T19:10:11-04:00","2017-09-11T22:35:23-04:00","win",29,"loss",19,"win",29,"loss",19,TRUE,FALSE,3,0,2,0,0,0,0,3,0,3,0,0,0,0,1,0,0,0,0,1,0,1,1,1,0,0,0,0,0,0,108,4,4,7,6,0,0,14,346,0,341,32,27,0,1,5,3,5,4,50,29,0,3,13,3,10,0,0,0,0,0,0,0,0,0,0,0,0,0,0,11,2,0,0,0,0,0,0,43.5,2,0,0,6,3,5,129,0,0,0,0,30,0,0,14,9,1876,0,0,0,0,0,23,3,"f90a06d6-0030-4996-a48f-65dbf93cc062","a192531d-e60c-4256-8220-f3538dd8b020","273bc0eb-8984-4474-bbc8-5cce491aa662"
"66","7f67a33a-a46e-41c1-b1fa-41a0523a1eb3","2017-09-24T13:00:41-04:00","2017-09-24T16:35:51-04:00","win",34,"loss",17,"win",34,"loss",17,TRUE,FALSE,4,0,4,0,0,0,0,2,0,2,0,0,0,0,0,0,0,0,0,1,0,1,3,2,0,66,3,0,0,0,20,1,4,7,5,0,0,16,369,0,369,33,25,0,0,0,3,5,2,53,34,0,7,14,10,3,0,0,0,0,0,0,0,0,0,0,0,0,0,0,0,0,0,0,0,0,0,0,40.333,3,0,0,5,3,7,125,0,0,0,0,37,1,0,13,7,2266,0,0,0,0,0,25,4,"fa2729e6-e9a7-4f8a-a0cd-23b5a71ec8e4","0d0cfd49-bea6-4ad0-a263-5a350865b99e","273bc0eb-8984-4474-bbc8-5cce491aa662"
"67","b23ecb03-c638-4bbf-9284-cd2c8c03a113","2017-10-01T13:02:06-04:00","2017-10-01T20:00:09-04:00","undecided",7,"undecided",14,"undecided",7,"undecided",14,TRUE,FALSE,1,0,1,0,0,0,0,0,0,0,0,0,0,0,2,2,0,0,0,1,0,0,1,1,0,0,0,0,0,0,49,2,2,2,2,0,0,5,119,0,108,13,8,0,1,11,0,1,1,5,7,0,0,7,0,0,0,0,0,0,0,0,0,0,0,0,0,0,0,0,8,2,0,0,0,0,0,0,34.333,3,0,0,1,1,4,66,0,0,0,0,15,1,0,4,1,773,0,0,0,0,0,10,1,"53c553f7-a06a-4363-9a4a-2039bb19ea55","82fedbfa-8c2c-46cc-b02f-ea16abf5ffc9","273bc0eb-8984-4474-bbc8-5cce491aa662"
"68","e3f71df9-8db7-425f-bb37-b42bd00a9f76","2017-09-17T13:03:55-04:00","2017-09-17T16:38:50-04:00","win",26,"loss",9,"loss",9,"win",26,FALSE,TRUE,1,0,0,0,0,0,0,1,0,1,0,3,0,0,1,1,0,0,1,1,0,0,1,1,0,0,0,0,0,0,52,2,1,3,2,0,0,8,167,0,146,38,20,0,2,21,0,11,1,131,9,0,0,3,6,0,0,0,0,0,0,0,0,0,0,0,0,0,0,0,12,1,0,0,0,0,0,0,44.167,6,0,0,1,1,5,91,0,0,0,0,20,1,0,15,5,1538,0,0,0,0,0,14,1,"a709d61b-6a98-41ab-8348-060ccaacb6c0","e5796fc5-4c5e-486d-a76d-5879fd2f5117","273bc0eb-8984-4474-bbc8-5cce491aa662"
"69","1450801d-761a-40b8-b673-a77180359505","2017-09-07T20:32:36-04:00","2017-09-08T04:07:31-04:00","loss",27,"win",42,"loss",27,"win",42,TRUE,FALSE,3,0,3,0,0,0,0,2,0,2,0,2,0,0,1,0,0,0,1,1,0,0,4,3,0,0,0,0,0,0,49,3,2,6,6,0,0,11,267,0,247,36,16,0,3,20,0,6,4,55,27,0,7,10,10,0,0,0,0,0,0,0,0,0,0,0,0,0,0,0,8,1,0,0,0,0,0,0,38.667,6,0,0,6,3,10,124,0,0,0,0,35,3,0,15,5,1786,0,0,0,0,0,25,3,"9dd2c0cb-3164-4796-88ec-d45e39dd2d3c","3a857729-4c8c-4dde-9cad-359cab5990de","5546974d-27c2-4d93-a63e-d8320952e871"
"70","4deb2e5c-6e9b-41d8-b185-8346647f8e2f","2017-09-24T13:00:42-04:00","2017-09-24T20:00:40-04:00","win",36,"loss",33,"win",36,"loss",33,TRUE,FALSE,4,0,4,1,1,0,0,0,0,0,0,0,0,0,4,1,0,0,0,1,0,1,2,2,0,51,2,0,0,0,44,2,2,6,4,0,0,16,378,0,337,35,25,0,5,41,5,5,4,69,36,0,7,14,7,8,0,0,0,0,0,0,0,0,0,0,0,0,0,0,53,2,0,0,0,0,0,0,38.667,6,0,0,2,2,1,59,0,0,0,0,20,0,0,13,6,1582,0,0,0,0,0,21,5,"45ca1e4f-3925-43d5-8cb8-80975cd22917","545d6178-62b4-4e6e-a118-60e4f66d257d","5546974d-27c2-4d93-a63e-d8320952e871"
"71","73b4ae5b-9763-4b25-8d28-c9f243cd7f2a","2017-09-17T13:03:55-04:00","2017-09-17T16:33:55-04:00","loss",20,"win",36,"win",36,"loss",20,FALSE,TRUE,4,0,3,0,0,0,0,3,0,3,0,0,0,0,0,0,0,0,0,1,0,1,2,1,0,0,0,0,0,0,0,0,2,7,3,0,0,19,447,0,436,39,30,0,2,11,3,9,2,66,36,0,20,10,3,3,0,0,0,0,0,0,0,0,0,0,0,0,0,0,0,1,0,0,0,0,0,0,31.667,3,0,0,7,3,8,119,0,0,0,0,31,1,0,12,6,2106,0,0,0,0,0,29,4,"3356f820-13f3-4267-b491-e02561674972","a192531d-e60c-4256-8220-f3538dd8b020","5546974d-27c2-4d93-a63e-d8320952e871"
"72","55a38d4f-73a1-49d1-b2c2-91ed65af01dc","2017-09-17T13:03:55-04:00","2017-09-17T16:33:54-04:00","loss",20,"win",36,"loss",20,"win",36,TRUE,FALSE,2,0,2,0,0,0,0,3,0,2,0,2,1,0,1,0,0,0,1,1,0,0,1,1,0,0,0,0,0,0,114,5,4,5,4,0,0,15,356,0,348,45,27,0,1,8,2,5,0,35,20,0,3,10,0,7,0,0,0,0,0,0,0,0,0,0,0,0,0,0,16,1,0,0,0,0,0,0,40.333,3,0,0,3,2,5,81,0,0,0,0,17,0,0,12,4,1494,0,0,0,0,0,20,2,"3356f820-13f3-4267-b491-e02561674972","5546974d-27c2-4d93-a63e-d8320952e871","a192531d-e60c-4256-8220-f3538dd8b020"
"73","7c891047-c5d8-4ede-aa38-e27b866adf87","2017-10-01T10:07:07-04:00","2017-10-01T13:02:06-04:00","loss",0,"win",20,"win",20,"loss",0,FALSE,TRUE,2,0,2,0,0,0,0,3,0,2,0,2,1,0,2,0,0,0,0,1,0,1,2,2,0,0,1,0,0,0,23,1,2,4,4,0,0,16,268,0,261,41,29,0,1,7,2,8,2,71,20,0,0,3,7,10,0,0,0,0,0,0,0,0,0,0,0,0,0,0,26,3,0,0,0,0,0,0,44,3,0,0,4,2,4,86,0,0,0,0,28,0,0,13,6,2068,0,0,0,0,0,22,2,"e1900cd6-a087-4544-b2e6-4eb825ec7901","49b7f5ba-da40-4b42-be4b-c68b4f9257e8","a192531d-e60c-4256-8220-f3538dd8b020"
"74","c9d9f0c8-5a6a-4482-838b-ddc6ac8bfa76","2017-09-11T19:10:11-04:00","2017-09-11T22:35:23-04:00","win",29,"loss",19,"loss",19,"win",29,FALSE,TRUE,1,0,1,0,0,0,0,4,0,4,0,0,0,0,0,0,0,0,1,1,0,0,3,0,0,0,0,0,0,0,57,3,1,6,5,0,0,14,291,0,284,37,27,0,1,7,1,6,2,52,19,0,3,3,3,10,0,0,0,0,0,0,0,0,0,0,0,0,0,0,0,1,0,0,0,0,0,0,53.333,3,0,0,5,1,3,60,0,0,0,0,21,0,0,11,4,1724,0,0,0,0,0,19,1,"f90a06d6-0030-4996-a48f-65dbf93cc062","273bc0eb-8984-4474-bbc8-5cce491aa662","a192531d-e60c-4256-8220-f3538dd8b020"
"75","e8e8a11a-4e08-4b0d-9ee2-c9ec3dd76cf3","2017-09-24T13:00:41-04:00","2017-09-24T16:10:39-04:00","loss",13,"win",34,"win",34,"loss",13,FALSE,TRUE,4,0,4,0,0,0,0,3,0,2,0,0,0,0,0,0,0,0,0,1,0,1,2,1,0,37,3,0,0,0,0,0,5,6,5,0,0,12,220,0,213,29,22,0,1,7,3,1,0,10,34,0,7,10,7,10,0,0,0,0,0,0,0,0,0,0,0,0,0,0,12,1,0,0,0,0,0,0,46,3,0,0,3,2,9,149,0,0,0,0,27,1,0,12,6,1869,0,0,0,0,0,21,4,"15b821d2-d84a-489e-bc5a-46715f081c85","767f5024-184b-434b-9e52-90bb4375ca84","a192531d-e60c-4256-8220-f3538dd8b020"
"76","188b8b98-909c-4958-9c98-e56a23fb6c60","2017-09-10T13:03:06-04:00","2017-09-10T16:23:00-04:00","win",21,"loss",12,"loss",12,"win",21,FALSE,TRUE,0,0,0,1,0,0,0,2,0,2,0,1,1,0,2,0,0,0,1,1,0,0,1,1,0,48,1,0,0,0,45,2,3,4,4,0,0,8,187,0,176,39,26,2,1,11,0,5,1,62,12,0,0,6,6,0,0,0,0,0,0,0,0,0,0,0,0,0,0,0,27,3,0,0,0,0,0,0,43.667,6,0,0,1,1,2,38,0,0,0,0,15,1,0,14,4,1616,0,0,0,0,0,11,1,"33af46ed-0d99-4b6a-8373-eb7eb5e18305","50990622-f5d7-4597-b9b3-c73c9be32af2","8112be50-1ec2-47c0-ab27-b4fc4654aa5b"
"77","2c5815c0-94bb-49d8-a996-358ba18ec446","2017-09-17T16:08:51-04:00","2017-09-17T19:18:55-04:00","win",45,"loss",20,"loss",20,"win",45,FALSE,TRUE,2,0,2,0,0,0,0,2,0,2,0,0,0,0,2,2,0,0,1,1,0,0,0,0,0,0,0,0,0,0,47,2,1,5,4,0,0,9,166,0,145,25,17,0,4,21,2,5,2,47,20,0,0,10,3,7,0,0,0,0,0,0,0,0,0,0,0,0,0,0,11,2,0,0,0,0,0,0,35.333,3,0,0,2,1,6,126,0,0,0,0,25,0,0,12,7,1738,0,0,0,0,0,17,2,"bc85564d-2ebd-4170-955e-d48eded2874d","bf836ba5-77d0-4125-aa8a-ab785705eb29","8112be50-1ec2-47c0-ab27-b4fc4654aa5b"
"78","e444da15-0532-4e8c-abc6-2a1a3749c64f","2017-09-24T13:00:41-04:00","2017-09-24T16:25:44-04:00","win",20,"loss",6,"win",20,"loss",6,TRUE,FALSE,2,0,2,0,0,0,0,3,0,2,0,0,0,0,3,1,0,0,0,1,0,1,2,1,0,13,2,0,0,0,0,0,4,5,4,0,0,9,249,0,233,23,18,0,2,16,1,10,3,94,20,0,0,10,10,0,0,0,0,0,0,0,0,0,0,0,0,0,0,0,31,4,0,0,0,0,0,0,46,5,0,0,2,1,4,103,0,0,0,0,34,1,0,13,4,2168,0,0,0,0,0,16,2,"2f68b19d-7f63-40d8-a695-420b70e683ad","49b7f5ba-da40-4b42-be4b-c68b4f9257e8","8112be50-1ec2-47c0-ab27-b4fc4654aa5b"
"79","b24e1615-182c-4e77-a78b-047bd8850f4d","2017-09-10T20:33:06-04:00","2017-09-11T04:08:31-04:00","win",19,"loss",3,"loss",3,"win",19,FALSE,TRUE,0,0,0,0,0,0,0,1,0,1,0,1,1,0,1,0,0,0,1,1,0,0,1,0,0,0,0,0,0,0,42,2,0,2,1,0,0,10,220,0,198,38,29,1,3,22,0,6,1,55,3,0,0,0,3,0,0,0,0,0,0,0,0,0,0,0,0,0,0,0,1,1,0,0,0,0,0,0,41.5,6,0,0,1,0,2,35,0,0,0,0,12,0,0,12,4,1546,0,0,0,0,0,13,0,"d315a072-19d3-4e93-aa51-d959c55b659c","d61f132b-29f6-4140-847b-efb50ea9ccba","47b8904b-4d56-481a-ab06-6e56dfe59f78"
"80","e4795ef1-41f7-4490-af00-b222642102ac","2017-09-18T20:31:05-04:00","2017-09-19T00:16:06-04:00","loss",10,"win",24,"loss",10,"win",24,TRUE,FALSE,1,0,1,0,0,0,0,1,0,1,0,2,0,0,1,0,0,0,1,1,0,0,1,0,0,0,0,0,0,0,21,1,1,3,1,0,0,12,239,0,208,32,22,1,5,31,1,7,0,50,10,0,0,7,3,0,0,0,0,0,0,0,0,0,0,0,0,0,0,0,9,2,0,0,0,0,0,0,27.6,5,0,0,2,1,2,62,0,0,0,0,18,0,0,12,4,1633,0,0,0,0,0,14,1,"0d793f2d-9549-48d7-8615-16e64c09e3ea","82fedbfa-8c2c-46cc-b02f-ea16abf5ffc9","47b8904b-4d56-481a-ab06-6e56dfe59f78"
"81","fcb9908d-79da-41b2-97d6-d02dc2198d0a","2017-09-24T13:00:42-04:00","2017-09-24T16:40:40-04:00","win",27,"loss",24,"loss",24,"win",27,FALSE,TRUE,3,0,3,0,0,0,0,1,0,1,0,2,0,0,0,0,0,0,1,1,0,0,3,2,0,0,0,0,0,0,41,2,2,5,3,0,0,17,366,0,366,47,35,2,0,0,3,10,2,137,24,0,0,0,0,24,0,0,0,0,0,0,0,0,0,0,0,0,0,0,0,1,0,0,0,0,0,0,31.25,4,0,0,5,2,2,49,0,0,0,0,17,0,0,10,3,1348,0,0,0,0,0,21,3,"557d552c-b34e-44e7-860f-e63ce0f645d4","9990f062-0d8d-4dbf-82cc-73f3d5dfe532","47b8904b-4d56-481a-ab06-6e56dfe59f78"
"82","06af9244-33e4-4f96-9df6-600b42bc16c4","2017-09-25T20:00:01-04:00","2017-09-25T20:32:53-04:00","win",27,"loss",10,"loss",10,"win",27,FALSE,TRUE,1,0,1,0,0,0,0,1,0,1,0,2,1,0,1,1,0,0,1,1,0,0,1,0,0,0,0,0,0,0,27,1,3,3,3,0,0,3,118,0,96,31,19,2,4,22,1,4,2,35,10,0,0,0,7,3,0,0,0,0,0,0,0,0,0,0,0,0,0,0,4,2,0,0,0,0,0,0,49.429,7,0,0,2,1,2,32,0,0,0,0,13,0,0,11,0,1314,0,0,0,0,0,7,1,"f231c5ec-c623-4690-90f2-2083ba417ec2","1c4f553a-bde3-4229-8565-9c40401a9956","bf836ba5-77d0-4125-aa8a-ab785705eb29"
"83","08a3267b-0a37-47c7-8012-1a52b9157ae5","2017-09-17T16:08:51-04:00","2017-09-17T19:18:52-04:00","win",45,"loss",20,"win",45,"loss",20,TRUE,FALSE,6,0,6,0,0,0,0,1,0,1,0,0,0,0,1,0,0,0,0,1,0,1,3,3,0,0,0,0,0,0,70,3,6,8,7,0,0,13,230,0,230,28,23,0,0,0,3,9,2,79,45,0,7,14,7,17,0,0,0,0,0,0,0,0,0,0,0,0,0,0,13,1,0,0,0,0,0,0,51.667,3,0,0,4,3,6,180,0,0,0,0,27,3,0,12,8,1862,0,0,0,0,0,21,6,"bc85564d-2ebd-4170-955e-d48eded2874d","8112be50-1ec2-47c0-ab27-b4fc4654aa5b","bf836ba5-77d0-4125-aa8a-ab785705eb29"
"84","caff94d2-9f1d-4b20-a340-b8ec50d41498","2017-09-10T13:03:04-04:00","2017-09-10T16:18:01-04:00","loss",16,"win",26,"win",26,"loss",16,FALSE,TRUE,2,0,2,0,0,0,0,4,0,4,0,1,1,0,1,0,0,0,0,1,0,1,2,1,0,0,0,0,0,0,41,1,5,6,6,0,0,16,262,0,250,32,22,0,2,12,2,5,1,49,26,0,7,6,3,10,0,0,0,0,0,0,0,0,0,0,0,0,0,0,5,2,0,0,0,0,0,0,44.333,3,0,0,3,2,5,109,0,0,0,0,29,0,0,12,5,1899,0,0,0,0,0,22,2,"490ae9d5-a6ed-4a21-be4e-2c0f67ac4687","a8004516-b1d9-44df-b6ba-d5e4b7d9d1d7","bf836ba5-77d0-4125-aa8a-ab785705eb29"
"85","8d237f1b-1f49-4439-bd16-745c7ac8d780","2017-10-01T20:00:10-04:00","2017-10-01T20:00:10-04:00","undecided",0,"undecided",0,"undecided",0,"undecided",0,FALSE,TRUE,0,0,0,0,0,0,0,0,0,0,0,0,0,0,0,0,0,0,0,0,0,0,0,0,0,0,0,0,0,0,0,0,0,0,0,0,0,0,0,0,0,0,0,0,0,0,0,0,0,0,26,0,10,6,3,7,0,0,0,0,0,0,0,0,0,0,0,0,0,0,0,0,0,0,0,0,0,0,0,0,0,0,0,0,0,0,0,0,0,0,0,0,0,0,0,0,0,0,0,0,0,0,0,"ddeeeab7-3696-4639-b03f-05468044d37c","d1f76207-7303-484f-a25f-b00d1eb46ecd","9990f062-0d8d-4dbf-82cc-73f3d5dfe532"
"86","b1c55d15-572b-41ae-b0b0-b228c8bb2bd5","2017-09-10T13:03:04-04:00","2017-09-10T16:34:10-04:00","loss",17,"win",30,"win",30,"loss",17,FALSE,TRUE,2,0,1,1,1,0,0,3,0,3,0,0,0,1,1,1,0,0,0,1,0,1,1,1,0,15,1,0,0,0,8,1,2,6,4,0,0,17,307,0,298,39,26,1,2,9,2,8,1,76,30,0,7,9,3,11,0,0,0,0,0,0,0,0,0,0,0,0,0,0,0,0,0,0,0,0,0,0,41.75,4,0,0,1,1,1,58,0,0,0,0,24,0,0,14,8,2056,0,0,0,0,0,19,3,"dcbe44e5-5f86-45a3-91a5-cf7f80480856","1c4f553a-bde3-4229-8565-9c40401a9956","9990f062-0d8d-4dbf-82cc-73f3d5dfe532"
"87","d0fc67ea-f2cc-4a3c-8d8f-39cea99c6f08","2017-09-17T13:03:58-04:00","2017-09-17T16:33:55-04:00","win",27,"loss",20,"loss",20,"win",27,FALSE,TRUE,2,0,2,0,0,0,0,3,0,2,0,0,0,0,3,1,0,0,1,1,0,0,1,1,0,0,0,0,0,0,55,2,1,5,4,0,0,19,333,0,299,46,25,1,6,34,2,4,2,30,20,0,3,0,7,10,0,0,0,0,0,0,0,0,0,0,0,0,0,0,10,1,0,0,0,0,0,0,35.25,4,0,0,5,2,6,107,0,0,0,0,17,0,0,15,8,1849,0,0,0,0,0,27,2,"a6cdd718-eed1-4c2f-8d70-2b04c5d47500","3a857729-4c8c-4dde-9cad-359cab5990de","9990f062-0d8d-4dbf-82cc-73f3d5dfe532"
"88","f0444507-ab96-4a26-bfc2-1b2748c11189","2017-09-24T13:00:42-04:00","2017-09-24T16:40:39-04:00","win",27,"loss",24,"win",27,"loss",24,TRUE,FALSE,3,0,3,0,0,0,0,3,0,2,0,3,2,0,1,1,0,0,0,1,0,1,2,2,0,0,2,0,0,0,73,3,3,5,3,0,0,8,176,0,161,31,21,0,3,15,1,9,3,103,27,0,0,7,7,13,0,0,0,0,0,0,0,0,0,0,0,0,0,0,9,1,0,0,0,0,0,0,40.5,4,0,0,3,3,13,193,0,0,0,0,39,2,0,14,5,2252,0,0,0,0,0,24,3,"557d552c-b34e-44e7-860f-e63ce0f645d4","47b8904b-4d56-481a-ab06-6e56dfe59f78","9990f062-0d8d-4dbf-82cc-73f3d5dfe532"
"89","64784bdf-31fe-47cd-b7e1-8324fee39cb9","2017-09-24T13:00:40-04:00","2017-09-24T16:35:46-04:00","win",23,"loss",17,"loss",17,"win",23,FALSE,TRUE,2,0,2,0,0,0,0,2,1,1,0,0,0,0,2,2,0,0,1,1,0,0,2,2,0,0,1,0,0,0,24,1,2,5,4,0,0,11,235,0,212,39,22,0,3,23,1,6,2,40,17,0,0,7,7,3,0,0,0,0,0,0,0,0,0,0,0,0,0,0,15,3,0,0,0,0,0,0,36.6,5,0,0,4,2,6,70,0,0,0,0,17,1,0,11,4,1654,0,0,0,0,0,19,2,"339e53ee-3a75-4be4-b51b-dd1d0f555377","009ff336-845b-411b-8ee5-9b3089e99398","e5796fc5-4c5e-486d-a76d-5879fd2f5117"
"90","827d067a-2731-4ef6-a4d7-94af1d80edf2","2017-10-01T13:02:07-04:00","2017-10-01T20:00:10-04:00","undecided",3,"undecided",19,"undecided",19,"undecided",3,FALSE,TRUE,1,0,1,1,0,0,0,2,0,2,0,0,0,0,1,0,0,0,0,1,0,0,1,1,0,0,0,0,0,0,36,2,1,5,2,0,0,9,175,0,167,21,13,1,1,8,1,7,1,55,26,0,3,16,0,7,0,0,0,0,0,0,0,0,0,0,0,0,0,0,15,2,0,0,0,0,0,0,45,1,0,0,4,2,6,122,0,0,0,0,26,1,0,9,5,1362,0,0,0,0,0,16,2,"452a029a-bfee-4f2e-9ceb-96e55588f6cd","15cdbc22-7b1e-4012-a731-987ca52e3c05","e5796fc5-4c5e-486d-a76d-5879fd2f5117"
"91","87e8cf54-73ac-415a-a3b6-a4a4b8cbfb31","2017-09-17T13:03:55-04:00","2017-09-17T16:38:50-04:00","win",26,"loss",9,"win",26,"loss",9,TRUE,FALSE,2,0,2,0,0,0,0,4,0,4,0,0,0,0,0,0,0,0,0,1,0,1,0,0,0,0,0,0,0,0,45,2,5,7,7,0,0,12,243,0,233,35,23,0,2,10,2,10,4,72,26,0,7,7,6,6,0,0,0,0,0,0,0,0,0,0,0,0,0,0,-1,2,0,0,0,0,0,0,36.2,5,0,0,4,2,6,102,0,0,0,0,32,0,0,13,3,2062,0,0,0,0,0,22,2,"a709d61b-6a98-41ab-8348-060ccaacb6c0","273bc0eb-8984-4474-bbc8-5cce491aa662","e5796fc5-4c5e-486d-a76d-5879fd2f5117"
"92","a32a68d1-c6bd-4ee2-adb6-d6a6a1a1d152","2017-09-10T13:03:05-04:00","2017-09-10T16:13:02-04:00","loss",18,"win",21,"win",21,"loss",18,FALSE,TRUE,3,0,3,0,0,0,0,0,0,0,0,0,0,0,1,0,0,0,0,1,0,1,2,2,0,17,1,0,0,0,4,1,3,4,4,0,0,13,263,0,255,36,24,1,1,8,2,13,2,144,21,0,7,7,7,0,0,0,0,0,0,0,0,0,0,0,0,0,0,0,32,3,0,0,0,0,0,0,40.167,6,0,0,2,2,1,35,0,0,0,0,17,0,0,13,5,1730,0,0,0,0,0,16,3,"83ab0d87-44e1-4815-9643-09987d7361ff","ecf6a705-7a54-4f36-9dcd-09a0c53e733b","e5796fc5-4c5e-486d-a76d-5879fd2f5117"
"93","0903ea58-6db7-46bc-9e73-abe3847ca42d","2017-09-10T16:28:02-04:00","2017-09-10T19:33:05-04:00","loss",3,"win",23,"loss",3,"win",23,TRUE,FALSE,0,0,0,0,0,0,0,1,0,1,0,4,1,0,1,1,0,0,1,1,0,0,1,0,0,37,1,0,0,0,0,0,2,2,2,0,0,10,193,0,166,35,24,1,4,27,0,10,1,74,3,0,0,0,3,0,0,0,0,0,0,0,0,0,0,0,0,0,0,0,9,1,0,0,0,0,0,0,39,4,0,0,1,0,2,51,0,0,0,0,15,0,0,11,2,1539,0,0,0,0,0,13,0,"520b0299-5dae-4e9a-ae48-4bae2da277e1","767f5024-184b-434b-9e52-90bb4375ca84","62b050a0-42c8-4cdd-aaaf-1ee5bbb01bf3"
"94","806ff7f1-301a-4dad-8e1e-12a344e013ff","2017-09-21T20:28:31-04:00","2017-09-22T02:46:29-04:00","loss",39,"win",41,"loss",39,"win",41,TRUE,FALSE,4,0,3,1,0,0,0,2,0,2,0,3,2,0,1,1,0,0,1,1,0,0,4,4,0,0,0,0,0,0,56,3,4,8,7,0,0,15,332,0,308,37,23,1,4,24,2,10,3,55,39,0,7,6,7,19,0,0,0,0,0,0,0,0,0,0,0,0,0,0,9,2,0,0,0,0,0,0,41.5,2,0,0,6,5,7,113,0,0,0,0,33,3,0,18,9,1817,0,0,0,0,0,25,5,"0304c218-d46a-405e-971a-a23718b09ceb","3f53d6c3-46ae-4a68-833e-fc29c8ecbdb2","62b050a0-42c8-4cdd-aaaf-1ee5bbb01bf3"
"95","a7f38ca4-cf30-4cb4-9e2a-3ca3e22ee487","2017-09-17T16:28:50-04:00","2017-09-17T19:38:50-04:00","win",12,"loss",9,"loss",9,"win",12,FALSE,TRUE,0,0,0,0,0,0,0,3,0,3,0,0,0,0,0,0,0,0,1,1,0,0,0,0,0,0,0,0,0,0,71,3,2,4,4,0,0,4,99,0,89,27,15,1,2,10,0,6,2,66,9,0,0,6,0,3,0,0,0,0,0,0,0,0,0,0,0,0,0,0,40,3,0,0,0,0,0,0,43.857,7,0,0,3,0,5,159,0,0,0,0,19,0,0,12,2,1382,0,0,0,0,0,11,0,"524ee7a0-fb3c-4e7c-aed7-e730a00b2ab0","e6094723-20f3-417a-87d2-1ccc0b7a6388","62b050a0-42c8-4cdd-aaaf-1ee5bbb01bf3"
"96","0c8f553c-f148-4fe0-82f7-6801a7100366","2017-09-10T16:28:00-04:00","2017-09-10T20:33:07-04:00","win",17,"loss",9,"loss",9,"win",17,FALSE,TRUE,0,0,0,0,0,0,0,3,0,3,0,0,0,0,1,1,0,0,1,1,0,0,1,0,0,24,1,0,0,0,91,3,3,3,3,0,0,8,158,0,135,27,14,0,3,23,0,8,1,50,9,0,0,3,3,3,0,0,0,0,0,0,0,0,0,0,0,0,0,0,7,1,0,0,0,0,0,0,45.833,6,0,0,2,0,3,90,0,0,0,0,18,0,0,12,3,1247,0,0,0,0,0,12,0,"fd691d17-dd52-48ca-bf5a-723bb4d614bb","ade9a19b-3dfb-4436-aefd-e54f1c0d1a20","e6094723-20f3-417a-87d2-1ccc0b7a6388"
"97","113faa28-8556-44c0-a6d4-b23b08078d35","2017-09-24T16:05:45-04:00","2017-09-24T20:00:40-04:00","win",33,"loss",27,"loss",27,"win",33,FALSE,TRUE,3,0,3,1,0,0,0,0,0,0,0,2,1,0,3,0,0,0,1,1,0,0,2,2,0,0,0,0,0,0,0,0,2,5,3,0,0,20,373,0,364,49,29,0,1,9,4,11,0,98,27,0,0,7,7,13,0,0,0,0,0,0,0,0,0,0,0,0,0,0,32,3,0,0,0,0,0,0,39.625,8,0,0,4,3,4,69,0,0,0,0,22,0,0,14,4,1639,0,0,0,0,0,24,4,"62916142-ed74-476c-997b-49c462793d16","a8004516-b1d9-44df-b6ba-d5e4b7d9d1d7","e6094723-20f3-417a-87d2-1ccc0b7a6388"
"98","5524f6e6-51fc-41f9-8eeb-c63c4c6655f6","2017-09-17T16:28:50-04:00","2017-09-17T19:38:50-04:00","win",12,"loss",9,"win",12,"loss",9,TRUE,FALSE,1,0,0,0,0,0,0,2,0,2,0,1,1,0,2,0,0,0,0,1,0,1,2,0,0,7,1,0,0,0,46,2,1,4,2,0,0,10,198,0,181,39,23,0,3,17,1,9,2,71,12,0,6,0,0,6,0,0,0,0,0,0,0,0,0,0,0,0,0,0,0,3,0,0,0,0,0,0,38.429,7,0,0,3,1,9,131,0,0,0,0,37,0,0,19,8,2218,0,0,0,0,0,21,1,"524ee7a0-fb3c-4e7c-aed7-e730a00b2ab0","62b050a0-42c8-4cdd-aaaf-1ee5bbb01bf3","e6094723-20f3-417a-87d2-1ccc0b7a6388"
"99","3cb630c1-8f2f-436a-91a6-2460e1043d6f","2017-09-24T13:00:41-04:00","2017-09-24T16:35:53-04:00","win",34,"loss",17,"loss",17,"win",34,FALSE,TRUE,2,0,2,0,0,0,0,1,0,1,0,0,0,0,2,0,0,0,1,1,0,0,0,0,0,0,0,0,0,0,79,3,3,4,4,0,0,19,328,0,316,40,28,3,2,12,2,7,1,37,17,0,3,0,14,0,0,0,0,0,0,0,0,0,0,0,0,0,0,0,0,0,0,0,0,0,0,0,40.75,4,0,0,1,1,0,26,0,0,0,0,9,0,0,6,1,1334,0,0,0,0,0,20,2,"fa2729e6-e9a7-4f8a-a0cd-23b5a71ec8e4","273bc0eb-8984-4474-bbc8-5cce491aa662","0d0cfd49-bea6-4ad0-a263-5a350865b99e"
"100","6eec780d-a2d7-4266-86ed-3b9472afbcfd","2017-09-17T13:03:55-04:00","2017-09-17T16:13:52-04:00","win",29,"loss",7,"win",29,"loss",7,TRUE,FALSE,3,0,2,0,0,0,0,3,0,3,0,0,0,0,1,1,0,0,0,1,0,1,2,1,0,69,2,1,0,0,0,0,4,6,5,0,0,13,204,0,194,31,18,0,2,10,1,4,3,34,29,0,10,16,0,3,0,0,0,0,0,0,0,0,0,0,0,0,0,0,17,1,0,0,0,0,0,0,45.333,3,0,0,5,2,6,117,0,0,0,0,34,1,0,15,8,1991,0,0,0,0,0,22,3,"45756505-28db-4b32-845d-d4ea5e59d680","009ff336-845b-411b-8ee5-9b3089e99398","0d0cfd49-bea6-4ad0-a263-5a350865b99e"
"101","45b2c8ce-8171-4c19-9fc0-f94c2d4361f0","2017-09-10T13:03:04-04:00","2017-09-10T16:18:00-04:00","loss",16,"win",26,"loss",16,"win",26,TRUE,FALSE,1,0,1,0,0,0,0,4,0,3,0,0,0,0,0,0,0,0,1,1,0,0,2,1,0,0,0,0,0,0,35,1,3,5,4,0,0,15,256,0,255,41,25,0,1,1,0,5,1,49,16,0,7,3,3,3,0,0,0,0,0,0,0,0,0,0,0,0,0,0,5,1,0,0,0,0,0,0,40.75,4,0,0,3,1,5,95,0,0,0,0,21,1,0,14,7,1701,0,0,0,0,0,21,1,"490ae9d5-a6ed-4a21-be4e-2c0f67ac4687","bf836ba5-77d0-4125-aa8a-ab785705eb29","a8004516-b1d9-44df-b6ba-d5e4b7d9d1d7"
"102","5a3d9030-1f2b-4ccf-a985-a5587e849a53","2017-09-24T16:05:44-04:00","2017-09-24T20:00:40-04:00","win",33,"loss",27,"win",33,"loss",27,TRUE,FALSE,3,0,3,0,0,0,0,4,0,4,0,0,0,0,0,0,0,0,0,1,0,1,0,0,0,0,0,0,0,0,27,2,7,7,7,0,0,10,225,0,225,32,20,0,0,0,2,5,6,45,33,0,0,9,21,3,0,0,0,0,0,0,0,0,0,0,0,0,0,0,51,5,0,0,0,0,0,0,48.167,6,0,0,3,0,5,195,0,0,0,0,35,1,0,14,4,1961,0,0,0,0,0,21,3,"62916142-ed74-476c-997b-49c462793d16","e6094723-20f3-417a-87d2-1ccc0b7a6388","a8004516-b1d9-44df-b6ba-d5e4b7d9d1d7"
"103","738efc18-aacd-42b2-856a-8253d615484e","2017-09-17T13:03:55-04:00","2017-09-17T16:19:30-04:00","loss",16,"win",37,"win",37,"loss",16,FALSE,TRUE,4,0,4,0,0,0,0,3,0,3,0,0,0,0,0,0,0,0,0,1,0,1,3,2,0,10,2,0,0,0,22,2,3,7,6,0,0,9,215,0,211,27,15,1,1,4,1,7,0,70,37,0,3,3,17,14,0,0,0,0,0,0,0,0,0,0,0,0,0,0,55,2,0,0,0,0,0,0,40.333,3,0,0,4,3,12,179,0,0,0,0,36,3,0,13,6,1846,0,0,0,0,0,21,4,"f74e5843-92e3-4f18-bf56-881bbf42f0ce","0fc8a1cb-bb61-4eba-b448-1d313813f0d1","a8004516-b1d9-44df-b6ba-d5e4b7d9d1d7"
"104","28bb41ad-0d37-4d64-9ce8-0a6fc4e8f810","2017-09-25T20:00:01-04:00","2017-09-25T20:32:52-04:00","win",27,"loss",10,"win",27,"loss",10,TRUE,FALSE,3,0,3,0,0,0,0,3,0,2,0,0,0,0,2,2,0,0,0,1,0,1,1,0,0,0,2,0,0,0,0,0,5,6,6,0,0,14,365,0,356,30,25,0,1,9,3,10,0,77,27,0,7,7,7,6,0,0,0,0,0,0,0,0,0,0,0,0,0,0,23,4,0,0,0,0,0,0,43.4,5,0,0,3,1,4,116,0,0,0,0,34,0,0,15,7,2286,0,0,0,0,0,18,3,"f231c5ec-c623-4690-90f2-2083ba417ec2","bf836ba5-77d0-4125-aa8a-ab785705eb29","1c4f553a-bde3-4229-8565-9c40401a9956"
"105","ab4a284a-732c-4e55-9b80-ab5548b0ceaf","2017-09-10T13:03:04-04:00","2017-09-10T16:34:09-04:00","loss",17,"win",30,"loss",17,"win",30,TRUE,FALSE,2,0,2,0,0,0,0,1,0,1,0,1,0,0,3,3,0,0,1,1,0,0,0,0,0,24,1,1,0,0,77,4,3,4,3,0,0,12,240,0,200,40,23,1,4,40,1,2,1,15,17,0,0,14,3,0,0,0,0,0,0,0,0,0,0,0,0,0,0,0,3,2,0,0,0,0,0,0,40.5,4,0,0,2,0,3,64,0,0,0,0,17,0,0,11,3,1544,0,0,0,0,0,16,2,"dcbe44e5-5f86-45a3-91a5-cf7f80480856","9990f062-0d8d-4dbf-82cc-73f3d5dfe532","1c4f553a-bde3-4229-8565-9c40401a9956"
"106","ef5c51f2-6530-4819-a958-fbd543fb8dc0","2017-09-17T16:28:51-04:00","2017-09-17T20:33:51-04:00","loss",20,"win",27,"win",27,"loss",20,FALSE,TRUE,3,0,3,0,0,0,0,3,0,2,0,0,0,0,3,0,0,0,0,1,0,1,2,1,0,10,1,0,0,0,16,1,3,6,4,0,0,12,179,0,156,27,18,0,2,23,1,4,1,25,27,0,3,17,0,7,0,0,0,0,0,0,0,0,0,0,0,0,0,0,13,2,0,0,0,0,0,0,45,4,0,0,4,2,8,229,0,0,0,0,39,2,0,13,5,2179,0,0,0,0,0,21,3,"b3f173e2-3d16-442e-9848-960082cb9b25","3f53d6c3-46ae-4a68-833e-fc29c8ecbdb2","1c4f553a-bde3-4229-8565-9c40401a9956"
